{"Cr\u00edtico": {"precision": 1.0, "recall": 0.7272727272727273, "f1-score": 0.8421052631578947, "support": 11.0}, "Normal": {"precision": 0.9788732394366197, "recall": 1.0, "f1-score": 0.9893238434163701, "support": 139.0}, "accuracy": 0.98, "macro avg": {"precision": 0.9894366197183099, "recall": 0.8636363636363636, "f1-score": 0.9157145532871325, "support": 150.0}, "weighted avg": {"precision": 0.9804225352112677, "recall": 0.98, "f1-score": 0.9785278141974154, "support": 150.0}}